rate,model,feature,importance
48000,logreg,a_sub20_frac,0.5195
48000,logreg,a_sub100_frac,0.4827
48000,logreg,a_ratio_20_100_vs_100_300,-0.3301
48000,logreg,a_lf2_20_vs_speech_db,3.1248
48000,logreg,a_lf_rate_2_20_vs_0p5_2_db,-1.0351
48000,logreg,b_line_prom_db,0.3636
48000,logreg,b_line_stability,0.2724
48000,logreg,b_line_freq_norm,0.1749
48000,logreg,b_line_sideband_db,-1.1556
48000,logreg,c_mod_ratio_lo_hi,-0.7321
48000,logreg,c_env_sq_corr,0.0739
48000,logreg,c_env_kurt,0.0739
48000,logreg,d_bicoh_mean,0.1983
48000,logreg,d_bicoh_max,-0.7053
48000,logreg,d_bicoh_frac05,0.0144
48000,logreg,d_bicoh_lf_speech,0.1699
48000,logreg,e_hnr_db,-0.5732
48000,logreg,e_cpp_db,-0.5324
48000,logreg,e_voiced_frac,0.4953
48000,logreg,f_flatness_0_4k,-1.9058
48000,logreg,f_entropy_0_4k,1.5753
48000,logreg,f_h2_distortion_db,-0.2444
48000,gboost,a_sub20_frac,0.0001
48000,gboost,a_sub100_frac,0.0006
48000,gboost,a_ratio_20_100_vs_100_300,0.0032
48000,gboost,a_lf2_20_vs_speech_db,0.1119
48000,gboost,a_lf_rate_2_20_vs_0p5_2_db,0.0012
48000,gboost,b_line_prom_db,0.0057
48000,gboost,b_line_stability,-0.0
48000,gboost,b_line_freq_norm,0.0013
48000,gboost,b_line_sideband_db,0.001
48000,gboost,c_mod_ratio_lo_hi,0.0009
48000,gboost,c_env_sq_corr,0.0001
48000,gboost,c_env_kurt,0.0003
48000,gboost,d_bicoh_mean,0.0
48000,gboost,d_bicoh_max,-0.0
48000,gboost,d_bicoh_frac05,0.0001
48000,gboost,d_bicoh_lf_speech,0.0002
48000,gboost,e_hnr_db,0.0001
48000,gboost,e_cpp_db,0.0001
48000,gboost,e_voiced_frac,0.0
48000,gboost,f_flatness_0_4k,0.0
48000,gboost,f_entropy_0_4k,0.0007
48000,gboost,f_h2_distortion_db,0.0
16000,logreg,a_sub20_frac,0.6221
16000,logreg,a_sub100_frac,0.5882
16000,logreg,a_ratio_20_100_vs_100_300,0.1068
16000,logreg,a_lf2_20_vs_speech_db,3.1802
16000,logreg,a_lf_rate_2_20_vs_0p5_2_db,-0.6132
16000,logreg,b_line_prom_db,-0.4601
16000,logreg,b_line_stability,0.0388
16000,logreg,b_line_freq_norm,-0.4145
16000,logreg,b_line_sideband_db,0.1728
16000,logreg,c_mod_ratio_lo_hi,-0.559
16000,logreg,c_env_sq_corr,-0.2479
16000,logreg,c_env_kurt,0.0847
16000,logreg,d_bicoh_mean,-0.2382
16000,logreg,d_bicoh_max,-0.6487
16000,logreg,d_bicoh_frac05,-0.0378
16000,logreg,d_bicoh_lf_speech,0.6284
16000,logreg,e_hnr_db,-0.6089
16000,logreg,e_cpp_db,-0.2582
16000,logreg,e_voiced_frac,0.6412
16000,logreg,f_flatness_0_4k,-2.2662
16000,logreg,f_entropy_0_4k,1.8923
16000,logreg,f_h2_distortion_db,-0.2736
16000,gboost,a_sub20_frac,0.2574
16000,gboost,a_sub100_frac,0.0009
16000,gboost,a_ratio_20_100_vs_100_300,0.0145
16000,gboost,a_lf2_20_vs_speech_db,0.0
16000,gboost,a_lf_rate_2_20_vs_0p5_2_db,0.0011
16000,gboost,b_line_prom_db,0.0013
16000,gboost,b_line_stability,-0.0
16000,gboost,b_line_freq_norm,0.0016
16000,gboost,b_line_sideband_db,0.0004
16000,gboost,c_mod_ratio_lo_hi,0.0014
16000,gboost,c_env_sq_corr,0.0004
16000,gboost,c_env_kurt,0.0002
16000,gboost,d_bicoh_mean,0.0012
16000,gboost,d_bicoh_max,0.0002
16000,gboost,d_bicoh_frac05,0.0001
16000,gboost,d_bicoh_lf_speech,0.0006
16000,gboost,e_hnr_db,0.0012
16000,gboost,e_cpp_db,0.0009
16000,gboost,e_voiced_frac,0.0002
16000,gboost,f_flatness_0_4k,0.0005
16000,gboost,f_entropy_0_4k,0.0017
16000,gboost,f_h2_distortion_db,0.0002
