feature,auc_48k,auc_48k_env,auc_48k_speech,auc_16k,auc_16k_env,auc_16k_speech
a_sub20_frac,0.751,0.763,0.737,0.885,0.907,0.861
a_sub100_frac,0.684,0.686,0.682,0.878,0.897,0.857
a_ratio_20_100_vs_100_300,0.611,0.602,0.62,0.614,0.607,0.623
a_lf2_20_vs_speech_db,0.876,0.904,0.844,0.878,0.902,0.851
a_lf_rate_2_20_vs_0p5_2_db,0.36,0.374,0.345,0.439,0.449,0.429
b_line_prom_db,0.615,0.643,0.585,0.448,0.455,0.44
b_line_stability,0.621,0.654,0.583,0.468,0.452,0.486
b_line_freq_norm,0.61,0.597,0.625,0.43,0.446,0.412
b_line_sideband_db,0.303,0.272,0.337,0.557,0.534,0.581
c_mod_ratio_lo_hi,0.427,0.416,0.439,0.428,0.417,0.44
c_env_sq_corr,0.548,0.538,0.559,0.549,0.539,0.561
c_env_kurt,0.551,0.553,0.549,0.555,0.556,0.552
d_bicoh_mean,0.463,0.481,0.444,0.525,0.534,0.515
d_bicoh_max,0.414,0.425,0.401,0.441,0.454,0.427
d_bicoh_frac05,0.418,0.44,0.395,0.486,0.5,0.47
d_bicoh_lf_speech,0.484,0.484,0.484,0.512,0.52,0.502
e_hnr_db,0.425,0.428,0.421,0.423,0.427,0.42
e_cpp_db,0.453,0.445,0.461,0.419,0.42,0.417
e_voiced_frac,0.416,0.417,0.415,0.423,0.425,0.421
f_flatness_0_4k,0.531,0.516,0.548,0.535,0.52,0.552
f_entropy_0_4k,0.548,0.53,0.568,0.554,0.535,0.574
f_h2_distortion_db,0.441,0.444,0.437,0.396,0.419,0.372
