variant,model,set,n,auc_vs_heldout,rate_at_1pctFP
speech,Mahalanobis,heldout_benign_speech,91,,0.011
speech,Mahalanobis,heldout_benign_nonspeech,360,0.813,0.389
speech,Mahalanobis,proxy_heldout_speech,91,0.989,0.934
speech,Mahalanobis,attack_google-pixel,408,0.828,0.059
speech,Mahalanobis,attack_oppo-reno,415,0.75,0.039
speech,Mahalanobis,attack_huawei-mate9,891,0.825,0.006
speech,Mahalanobis,attack_huawei-nova2,942,0.796,0.391
speech,Mahalanobis,attack_oppo-k3,912,0.922,0.478
speech,IsolationForest,heldout_benign_speech,91,,0.011
speech,IsolationForest,heldout_benign_nonspeech,360,0.883,0.133
speech,IsolationForest,proxy_heldout_speech,91,0.839,0.0
speech,IsolationForest,attack_google-pixel,408,0.797,0.0
speech,IsolationForest,attack_oppo-reno,415,0.553,0.0
speech,IsolationForest,attack_huawei-mate9,891,0.937,0.0
speech,IsolationForest,attack_huawei-nova2,942,0.803,0.0
speech,IsolationForest,attack_oppo-k3,912,0.93,0.0
speech,PCA_recon,heldout_benign_speech,91,,0.011
speech,PCA_recon,heldout_benign_nonspeech,360,0.792,0.333
speech,PCA_recon,proxy_heldout_speech,91,0.991,0.945
speech,PCA_recon,attack_google-pixel,408,0.784,0.012
speech,PCA_recon,attack_oppo-reno,415,0.622,0.005
speech,PCA_recon,attack_huawei-mate9,891,0.888,0.002
speech,PCA_recon,attack_huawei-nova2,942,0.618,0.003
speech,PCA_recon,attack_oppo-k3,912,0.923,0.433
all,Mahalanobis,heldout_benign_speech,91,,0.0
all,Mahalanobis,heldout_benign_nonspeech,360,0.526,0.014
all,Mahalanobis,proxy_heldout_speech,91,0.762,0.0
all,Mahalanobis,attack_google-pixel,408,0.517,0.0
all,Mahalanobis,attack_oppo-reno,415,0.499,0.0
all,Mahalanobis,attack_huawei-mate9,891,0.37,0.0
all,Mahalanobis,attack_huawei-nova2,942,0.592,0.0
all,Mahalanobis,attack_oppo-k3,912,0.699,0.009
all,IsolationForest,heldout_benign_speech,91,,0.0
all,IsolationForest,heldout_benign_nonspeech,360,0.518,0.014
all,IsolationForest,proxy_heldout_speech,91,0.5,0.0
all,IsolationForest,attack_google-pixel,408,0.555,0.0
all,IsolationForest,attack_oppo-reno,415,0.279,0.0
all,IsolationForest,attack_huawei-mate9,891,0.493,0.0
all,IsolationForest,attack_huawei-nova2,942,0.21,0.0
all,IsolationForest,attack_oppo-k3,912,0.713,0.0
all,PCA_recon,heldout_benign_speech,91,,0.0
all,PCA_recon,heldout_benign_nonspeech,360,0.523,0.014
all,PCA_recon,proxy_heldout_speech,91,0.839,0.0
all,PCA_recon,attack_google-pixel,408,0.576,0.0
all,PCA_recon,attack_oppo-reno,415,0.581,0.0
all,PCA_recon,attack_huawei-mate9,891,0.191,0.0
all,PCA_recon,attack_huawei-nova2,942,0.497,0.0
all,PCA_recon,attack_oppo-k3,912,0.716,0.0
