file,category,sr,max_drop_db,drop_above_hz,dyn_range_db
speech_noisy/fsd216009.wav,speech_noisy,44100,8.1,21000.0,61.0
speech_noisy/fsd398341.wav,speech_noisy,44100,9.7,21000.0,58.8
speech_noisy/fsd267250.wav,speech_noisy,44100,13.8,21000.0,93.9
speech_noisy/fsd411542.wav,speech_noisy,44100,7.6,21000.0,38.1
speech_noisy/fsd369247.wav,speech_noisy,44100,6.3,21000.0,38.0
speech_noisy/fsd257818.wav,speech_noisy,44100,9.2,16000.0,68.0
speech_noisy/fsd215990.wav,speech_noisy,44100,6.3,21000.0,59.8
speech_noisy/fsd347033.wav,speech_noisy,44100,6.1,21000.0,61.8
speech_noisy/fsd232274.wav,speech_noisy,44100,8.8,21000.0,52.5
speech_noisy/fsd347034.wav,speech_noisy,44100,5.9,21000.0,49.1
speech_noisy/fsd184833.wav,speech_noisy,44100,25.9,15000.0,71.5
speech_noisy/fsd175231.wav,speech_noisy,44100,5.1,5000.0,60.4
speech_noisy/fsd175232.wav,speech_noisy,44100,5.1,5000.0,58.6
speech_noisy/fsd333395.wav,speech_noisy,44100,3.7,21000.0,40.7
speech_noisy/fsd345325.wav,speech_noisy,44100,8.3,9000.0,64.9
speech_noisy/fsd187308.wav,speech_noisy,44100,4.8,16000.0,56.9
speech_noisy/fsd363712.wav,speech_noisy,44100,4.9,14000.0,68.4
speech_noisy/fsd361400.wav,speech_noisy,44100,4.6,5000.0,53.8
speech_noisy/fsd272492.wav,speech_noisy,44100,12.0,8000.0,49.1
speech_noisy/fsd69869.wav,speech_noisy,44100,3.5,21000.0,58.1
music_guitar_piano/fsd40440.wav,music_guitar_piano,44100,18.0,5000.0,57.7
music_guitar_piano/fsd183082.wav,music_guitar_piano,44100,11.3,13000.0,64.5
music_guitar_piano/fsd239810.wav,music_guitar_piano,44100,6.4,5000.0,67.7
music_guitar_piano/fsd382494.wav,music_guitar_piano,44100,8.3,7000.0,48.2
music_guitar_piano/fsd12757.wav,music_guitar_piano,44100,0.0,,26.2
music_guitar_piano/fsd410643.wav,music_guitar_piano,44100,9.3,6000.0,55.7
music_guitar_piano/fsd415430.wav,music_guitar_piano,44100,4.8,12000.0,47.1
music_guitar_piano/fsd381470.wav,music_guitar_piano,44100,2.6,21000.0,33.0
music_guitar_piano/fsd318031.wav,music_guitar_piano,44100,17.3,5000.0,66.8
music_guitar_piano/fsd239707.wav,music_guitar_piano,44100,3.8,5000.0,55.5
music_guitar_piano/fsd252465.wav,music_guitar_piano,44100,6.2,21000.0,48.4
music_guitar_piano/fsd363689.wav,music_guitar_piano,44100,6.8,9000.0,69.5
music_guitar_piano/fsd183792.wav,music_guitar_piano,44100,4.6,5000.0,51.8
music_guitar_piano/fsd58099.wav,music_guitar_piano,44100,4.5,21000.0,36.0
music_guitar_piano/fsd239672.wav,music_guitar_piano,44100,2.2,21000.0,57.5
music_guitar_piano/fsd239775.wav,music_guitar_piano,44100,6.4,5000.0,46.8
music_guitar_piano/fsd193053.wav,music_guitar_piano,44100,17.8,10000.0,80.1
music_guitar_piano/fsd15715.wav,music_guitar_piano,44100,6.1,21000.0,47.8
music_guitar_piano/fsd40516.wav,music_guitar_piano,44100,11.0,6000.0,67.3
music_guitar_piano/fsd65656.wav,music_guitar_piano,44100,13.6,5000.0,55.5
music_guitar_piano/fsd163014.wav,music_guitar_piano,44100,2.3,8000.0,40.2
music_guitar_piano/fsd12744.wav,music_guitar_piano,44100,0.0,,26.3
music_guitar_piano/fsd134010.wav,music_guitar_piano,44100,9.7,5000.0,77.5
music_guitar_piano/fsd12791.wav,music_guitar_piano,44100,0.0,,57.5
music_guitar_piano/fsd182960.wav,music_guitar_piano,44100,6.9,6000.0,68.9
music_percussive/fsd136037.wav,music_percussive,44100,5.7,16000.0,28.8
music_percussive/fsd426040.wav,music_percussive,44100,6.2,21000.0,34.2
music_percussive/fsd135987.wav,music_percussive,44100,5.3,17000.0,48.6
music_percussive/fsd138717.wav,music_percussive,44100,4.8,21000.0,22.3
music_percussive/fsd216759.wav,music_percussive,44100,7.2,5000.0,65.3
music_percussive/fsd176993.wav,music_percussive,44100,6.2,21000.0,48.8
music_percussive/fsd102501.wav,music_percussive,44100,4.8,21000.0,38.1
music_percussive/fsd58622.wav,music_percussive,44100,3.6,16000.0,38.0
music_percussive/fsd199447.wav,music_percussive,44100,6.4,21000.0,42.2
music_percussive/fsd216753.wav,music_percussive,44100,11.0,5000.0,55.7
music_percussive/fsd136181.wav,music_percussive,44100,4.5,21000.0,28.7
music_percussive/fsd137509.wav,music_percussive,44100,6.2,21000.0,10.8
music_percussive/fsd13203.wav,music_percussive,44100,7.9,9000.0,76.3
music_percussive/fsd375707.wav,music_percussive,44100,6.7,16000.0,46.1
music_percussive/fsd199824.wav,music_percussive,44100,11.2,21000.0,36.0
music_percussive/fsd109366.wav,music_percussive,44100,3.8,15000.0,27.7
music_percussive/fsd152680.wav,music_percussive,44100,5.1,20000.0,39.0
music_percussive/fsd137486.wav,music_percussive,44100,4.1,21000.0,12.4
music_percussive/fsd137677.wav,music_percussive,44100,3.9,21000.0,11.7
music_percussive/fsd81652.wav,music_percussive,44100,14.6,20000.0,42.3
music_percussive/fsd91154.wav,music_percussive,44100,9.1,7000.0,58.3
music_percussive/fsd103173.wav,music_percussive,44100,4.1,12000.0,32.4
music_percussive/fsd135955.wav,music_percussive,44100,7.1,17000.0,43.9
music_percussive/fsd375518.wav,music_percussive,44100,9.1,11000.0,63.2
music_percussive/fsd353700.wav,music_percussive,44100,5.4,12000.0,51.5
music_percussive/fsd426037.wav,music_percussive,44100,5.9,21000.0,36.4
music_percussive/fsd323233.wav,music_percussive,44100,3.8,15000.0,22.1
music_percussive/fsd86362.wav,music_percussive,44100,4.3,21000.0,15.3
music_percussive/fsd348910.wav,music_percussive,44100,9.3,12000.0,44.2
music_percussive/fsd20462.wav,music_percussive,44100,1.5,6000.0,21.2
music_wind_brass_vocal/fsd355211.wav,music_wind_brass_vocal,44100,8.8,20000.0,53.5
music_wind_brass_vocal/fsd116897.wav,music_wind_brass_vocal,44100,5.6,20000.0,32.7
music_wind_brass_vocal/fsd330765.wav,music_wind_brass_vocal,44100,7.3,11000.0,75.1
music_wind_brass_vocal/fsd373671.wav,music_wind_brass_vocal,44100,6.5,6000.0,40.1
music_wind_brass_vocal/fsd372805.wav,music_wind_brass_vocal,44100,6.9,8000.0,55.4
music_wind_brass_vocal/fsd357673.wav,music_wind_brass_vocal,44100,7.8,21000.0,60.1
music_wind_brass_vocal/fsd354966.wav,music_wind_brass_vocal,44100,6.1,12000.0,67.0
music_wind_brass_vocal/fsd354201.wav,music_wind_brass_vocal,44100,4.6,13000.0,60.7
music_wind_brass_vocal/fsd359851.wav,music_wind_brass_vocal,44100,5.5,15000.0,45.1
music_wind_brass_vocal/fsd355010.wav,music_wind_brass_vocal,44100,8.9,12000.0,69.8
music_wind_brass_vocal/fsd247273.wav,music_wind_brass_vocal,44100,4.7,13000.0,57.8
music_wind_brass_vocal/fsd357504.wav,music_wind_brass_vocal,44100,5.3,7000.0,50.3
music_wind_brass_vocal/fsd247519.wav,music_wind_brass_vocal,44100,5.7,20000.0,50.4
music_wind_brass_vocal/fsd354588.wav,music_wind_brass_vocal,44100,8.1,20000.0,28.2
music_wind_brass_vocal/fsd248923.wav,music_wind_brass_vocal,44100,6.3,19000.0,54.0
hf_natural/fsd366419.wav,hf_natural,44100,9.7,21000.0,37.8
hf_natural/fsd341411.wav,hf_natural,44100,8.3,19000.0,30.9
hf_natural/fsd235496.wav,hf_natural,44100,2.4,9000.0,51.5
hf_natural/fsd144017.wav,hf_natural,44100,2.5,5000.0,34.8
hf_natural/fsd9185.wav,hf_natural,44100,15.4,15000.0,29.5
hf_natural/fsd91507.wav,hf_natural,44100,12.5,21000.0,60.8
hf_natural/fsd92019.wav,hf_natural,44100,6.6,21000.0,50.9
hf_natural/fsd339648.wav,hf_natural,44100,1.8,12000.0,32.7
hf_natural/fsd132918.wav,hf_natural,44100,8.8,6000.0,50.4
hf_natural/fsd377513.wav,hf_natural,44100,8.3,20000.0,40.2
hf_natural/fsd179265.wav,hf_natural,44100,4.5,20000.0,35.7
hf_natural/fsd416285.wav,hf_natural,44100,2.5,21000.0,35.6
hf_natural/fsd404510.wav,hf_natural,44100,8.6,21000.0,27.0
hf_natural/fsd233785.wav,hf_natural,44100,5.4,21000.0,26.9
hf_natural/fsd341855.wav,hf_natural,44100,6.0,8000.0,74.1
hf_natural/fsd250705.wav,hf_natural,44100,8.7,19000.0,67.7
hf_natural/fsd257032.wav,hf_natural,44100,27.0,19000.0,66.7
hf_natural/fsd132951.wav,hf_natural,44100,18.4,21000.0,41.0
hf_natural/fsd33549.wav,hf_natural,44100,9.4,5000.0,49.3
hf_natural/fsd27701.wav,hf_natural,44100,1.5,11000.0,17.9
hf_natural/fsd51038.wav,hf_natural,44100,5.2,15000.0,29.0
hf_natural/fsd257551.wav,hf_natural,44100,14.8,12000.0,73.7
hf_natural/fsd233286.wav,hf_natural,44100,5.6,15000.0,36.6
hf_natural/fsd389739.wav,hf_natural,44100,33.0,6000.0,73.9
hf_natural/fsd410783.wav,hf_natural,44100,6.1,7000.0,39.9
hf_natural/fsd29888.wav,hf_natural,44100,8.4,20000.0,41.0
hf_natural/fsd268586.wav,hf_natural,44100,38.4,16000.0,66.2
hf_natural/fsd32244.wav,hf_natural,44100,5.6,19000.0,88.3
hf_natural/fsd187265.wav,hf_natural,44100,4.9,21000.0,34.8
hf_natural/fsd418520.wav,hf_natural,44100,7.1,20000.0,59.9
environmental/fsd432465.wav,environmental,44100,10.5,21000.0,47.5
environmental/fsd202150.wav,environmental,44100,4.5,21000.0,32.4
environmental/fsd110352.wav,environmental,44100,6.4,21000.0,31.2
environmental/fsd105304.wav,environmental,44100,20.5,15000.0,91.7
environmental/fsd430213.wav,environmental,44100,7.2,8000.0,46.9
environmental/fsd380806.wav,environmental,44100,3.5,6000.0,42.0
environmental/fsd171089.wav,environmental,44100,1.0,16000.0,14.1
environmental/fsd350811.wav,environmental,44100,24.0,21000.0,64.8
environmental/fsd422872.wav,environmental,44100,2.6,21000.0,29.6
environmental/fsd380807.wav,environmental,44100,10.0,21000.0,38.9
environmental/fsd265034.wav,environmental,44100,12.3,21000.0,33.5
environmental/fsd202005.wav,environmental,44100,5.1,21000.0,24.4
environmental/fsd57654.wav,environmental,44100,5.6,6000.0,40.8
environmental/fsd392497.wav,environmental,44100,6.9,15000.0,36.8
environmental/fsd166703.wav,environmental,44100,28.0,6000.0,76.2
environmental/fsd135866.wav,environmental,44100,3.1,12000.0,44.1
environmental/fsd267245.wav,environmental,44100,6.4,6000.0,64.5
environmental/fsd38245.wav,environmental,44100,10.3,5000.0,69.4
environmental/fsd135676.wav,environmental,44100,20.1,15000.0,59.7
environmental/fsd151904.wav,environmental,44100,5.6,17000.0,51.3
environmental/fsd323426.wav,environmental,44100,6.9,21000.0,32.7
environmental/fsd244926.wav,environmental,44100,7.8,9000.0,47.9
environmental/fsd238798.wav,environmental,44100,4.7,21000.0,45.5
environmental/fsd337735.wav,environmental,44100,12.3,21000.0,58.7
environmental/fsd380494.wav,environmental,44100,4.4,20000.0,25.2
electronic_device/fsd418896.wav,electronic_device,44100,8.9,8000.0,47.1
electronic_device/fsd266592.wav,electronic_device,44100,39.9,9000.0,75.0
electronic_device/fsd370892.wav,electronic_device,44100,10.4,21000.0,34.1
electronic_device/fsd56342.wav,electronic_device,44100,7.7,7000.0,53.2
electronic_device/fsd259927.wav,electronic_device,44100,2.6,5000.0,64.8
electronic_device/fsd102434.wav,electronic_device,44100,24.8,12000.0,98.9
electronic_device/fsd264103.wav,electronic_device,44100,9.8,19000.0,55.7
electronic_device/fsd326291.wav,electronic_device,44100,30.4,15000.0,59.4
electronic_device/fsd333579.wav,electronic_device,44100,38.7,8000.0,67.8
electronic_device/fsd361153.wav,electronic_device,44100,12.5,20000.0,44.7
electronic_device/fsd275802.wav,electronic_device,44100,17.7,21000.0,27.2
electronic_device/fsd404533.wav,electronic_device,44100,10.7,21000.0,24.7
electronic_device/fsd321582.wav,electronic_device,44100,6.5,17000.0,50.7
electronic_device/fsd19880.wav,electronic_device,44100,2.3,21000.0,20.5
electronic_device/fsd340717.wav,electronic_device,44100,6.0,21000.0,52.3
electronic_device/fsd396137.wav,electronic_device,44100,8.1,21000.0,36.6
electronic_device/fsd28008.wav,electronic_device,44100,12.6,8000.0,44.9
electronic_device/fsd117165.wav,electronic_device,44100,1.2,17000.0,82.2
electronic_device/fsd403449.wav,electronic_device,44100,2.9,9000.0,26.0
electronic_device/fsd98950.wav,electronic_device,44100,21.0,13000.0,48.7
electronic_device/fsd176859.wav,electronic_device,44100,11.1,15000.0,86.3
electronic_device/fsd219506.wav,electronic_device,44100,3.5,5000.0,39.9
electronic_device/fsd204424.wav,electronic_device,44100,10.4,12000.0,67.2
electronic_device/fsd201611.wav,electronic_device,44100,2.8,6000.0,60.8
electronic_device/fsd167536.wav,electronic_device,44100,4.9,6000.0,43.4
electronic_device/fsd138277.wav,electronic_device,44100,4.1,20000.0,49.3
electronic_device/fsd264101.wav,electronic_device,44100,15.4,19000.0,49.8
electronic_device/fsd66300.wav,electronic_device,44100,4.6,21000.0,39.3
electronic_device/fsd184000.wav,electronic_device,44100,3.8,21000.0,35.1
electronic_device/fsd252715.wav,electronic_device,44100,25.3,8000.0,54.1
speech_clean/vctk_p247_129_mic1.wav,speech_clean,48000,5.3,16000.0,46.5
speech_clean/vctk_p251_230_mic1.wav,speech_clean,48000,5.3,17000.0,48.0
speech_clean/vctk_p251_024_mic1.wav,speech_clean,48000,8.0,6000.0,52.3
speech_clean/vctk_p247_246_mic1.wav,speech_clean,48000,5.2,17000.0,49.4
speech_clean/vctk_p251_003_mic1.wav,speech_clean,48000,5.5,6000.0,46.6
speech_clean/vctk_p334_316_mic1.wav,speech_clean,48000,2.7,15000.0,45.0
speech_clean/vctk_p251_287_mic1.wav,speech_clean,48000,4.9,6000.0,43.1
speech_clean/vctk_p334_075_mic1.wav,speech_clean,48000,3.9,14000.0,48.2
speech_clean/vctk_p334_071_mic1.wav,speech_clean,48000,4.2,14000.0,47.9
speech_clean/vctk_p334_111_mic1.wav,speech_clean,48000,4.6,14000.0,48.2
speech_clean/vctk_p247_322_mic1.wav,speech_clean,48000,5.4,16000.0,51.2
speech_clean/vctk_p251_113_mic1.wav,speech_clean,48000,6.8,6000.0,50.3
speech_clean/vctk_p251_049_mic1.wav,speech_clean,48000,4.4,20000.0,55.1
speech_clean/vctk_p251_023_mic1.wav,speech_clean,48000,4.4,20000.0,53.0
speech_clean/vctk_p247_438_mic1.wav,speech_clean,48000,6.3,17000.0,50.1
speech_clean/vctk_p251_095_mic1.wav,speech_clean,48000,4.2,12000.0,48.1
speech_clean/vctk_p334_203_mic1.wav,speech_clean,48000,5.2,14000.0,48.5
speech_clean/vctk_p334_032_mic1.wav,speech_clean,48000,4.5,14000.0,45.8
speech_clean/vctk_p334_324_mic1.wav,speech_clean,48000,4.5,5000.0,46.3
speech_clean/vctk_p247_418_mic1.wav,speech_clean,48000,5.1,11000.0,46.6
speech_clean/vctk_p251_017_mic1.wav,speech_clean,48000,5.1,20000.0,47.7
speech_clean/vctk_p251_022_mic1.wav,speech_clean,48000,7.2,11000.0,49.2
speech_clean/vctk_p247_253_mic1.wav,speech_clean,48000,7.1,16000.0,46.9
speech_clean/vctk_p251_353_mic1.wav,speech_clean,48000,4.5,5000.0,44.1
speech_clean/vctk_p251_008_mic1.wav,speech_clean,48000,5.8,11000.0,52.7
speech_clean/vctk_p247_176_mic1.wav,speech_clean,48000,7.0,9000.0,52.8
speech_clean/vctk_p326_340_mic1.wav,speech_clean,48000,4.8,9000.0,40.0
speech_clean/vctk_p251_076_mic1.wav,speech_clean,48000,3.6,11000.0,52.4
speech_clean/vctk_p251_176_mic1.wav,speech_clean,48000,6.4,20000.0,50.4
speech_clean/vctk_p247_011_mic1.wav,speech_clean,48000,4.7,15000.0,49.1
speech_clean/vctk_p251_336_mic1.wav,speech_clean,48000,5.7,6000.0,44.3
speech_clean/vctk_p334_015_mic1.wav,speech_clean,48000,3.2,6000.0,47.2
speech_clean/vctk_p247_199_mic1.wav,speech_clean,48000,6.9,17000.0,47.4
speech_clean/vctk_p251_316_mic1.wav,speech_clean,48000,6.9,20000.0,40.6
speech_clean/vctk_p247_178_mic1.wav,speech_clean,48000,5.5,17000.0,54.6
speech_clean/vctk_p334_007_mic1.wav,speech_clean,48000,4.0,9000.0,47.3
speech_clean/vctk_p247_144_mic1.wav,speech_clean,48000,5.1,17000.0,44.5
speech_clean/vctk_p251_319_mic1.wav,speech_clean,48000,5.6,20000.0,48.3
speech_clean/vctk_p334_066_mic1.wav,speech_clean,48000,4.2,19000.0,46.8
speech_clean/vctk_p251_284_mic1.wav,speech_clean,48000,3.8,17000.0,43.9
environmental/esc_1-21189-A-10.wav,environmental,44100,45.7,12000.0,87.7
environmental/esc_1-56311-A-10.wav,environmental,44100,31.7,18000.0,89.7
environmental/esc_2-102852-A-11.wav,environmental,44100,46.8,16000.0,90.7
environmental/esc_1-61252-A-11.wav,environmental,44100,55.8,16000.0,94.2
environmental/esc_1-17150-A-12.wav,environmental,44100,5.0,21000.0,24.9
environmental/esc_3-120644-A-12.wav,environmental,44100,13.6,20000.0,30.0
environmental/esc_1-51035-A-16.wav,environmental,44100,46.4,19000.0,80.8
environmental/esc_2-104952-A-16.wav,environmental,44100,19.8,16000.0,75.0
environmental/esc_3-103599-B-25.wav,environmental,44100,30.6,16000.0,77.5
environmental/esc_2-209476-A-25.wav,environmental,44100,14.5,19000.0,58.9
environmental/esc_1-101296-A-19.wav,environmental,44100,17.3,19000.0,69.7
environmental/esc_3-103051-B-19.wav,environmental,44100,28.3,20000.0,74.6
hf_natural/esc_2-110613-A-13.wav,hf_natural,44100,54.8,19000.0,93.7
hf_natural/esc_2-80844-A-13.wav,hf_natural,44100,22.2,19000.0,64.1
hf_natural/esc_1-100038-A-14.wav,hf_natural,44100,25.2,18000.0,80.1
hf_natural/esc_1-54918-A-14.wav,hf_natural,44100,38.2,8000.0,79.8
environmental/esc_1-50623-A-15.wav,environmental,44100,38.4,20000.0,63.5
environmental/esc_2-139748-B-15.wav,environmental,44100,7.9,20000.0,63.7
environmental/esc_2-102414-F-17.wav,environmental,44100,8.0,20000.0,45.8
environmental/esc_2-102414-E-17.wav,environmental,44100,11.2,19000.0,44.3
environmental/esc_2-106015-B-44.wav,environmental,44100,13.3,19000.0,87.5
environmental/esc_2-107228-A-44.wav,environmental,44100,9.0,19000.0,55.8
environmental/esc_3-138212-A-45.wav,environmental,44100,17.7,19000.0,92.0
environmental/esc_1-54065-A-45.wav,environmental,44100,26.2,16000.0,92.5
environmental/esc_2-37806-B-40.wav,environmental,44100,37.4,16000.0,98.8
environmental/esc_2-188822-B-40.wav,environmental,44100,27.0,16000.0,98.8
environmental/esc_3-118657-B-41.wav,environmental,44100,57.1,16000.0,85.4
environmental/esc_2-77945-A-41.wav,environmental,44100,10.9,21000.0,40.3
environmental/esc_3-115387-B-47.wav,environmental,44100,5.2,20000.0,67.9
environmental/esc_2-98866-A-47.wav,environmental,44100,25.2,13000.0,94.9
hf_natural/esc_3-111102-B-46.wav,hf_natural,44100,23.9,16000.0,89.0
hf_natural/esc_2-57191-A-46.wav,hf_natural,44100,5.0,9000.0,63.5
electronic_device/esc_2-119748-A-38.wav,electronic_device,44100,13.4,5000.0,68.9
electronic_device/esc_1-35687-A-38.wav,electronic_device,44100,6.9,11000.0,66.9
electronic_device/esc_3-144120-A-32.wav,electronic_device,44100,17.8,19000.0,64.7
electronic_device/esc_1-94231-A-32.wav,electronic_device,44100,19.9,20000.0,58.8
electronic_device/esc_1-99958-A-31.wav,electronic_device,44100,29.7,19000.0,60.9
electronic_device/esc_1-85123-A-31.wav,electronic_device,44100,34.0,19000.0,66.6
environmental/esc_2-122820-B-36.wav,environmental,44100,56.5,16000.0,90.5
environmental/esc_2-106072-A-36.wav,environmental,44100,9.3,12000.0,49.1
environmental/esc_1-32373-A-35.wav,environmental,44100,46.3,19000.0,90.8
environmental/esc_1-23996-B-35.wav,environmental,44100,23.1,17000.0,91.2
hf_natural/esc_1-977-A-39.wav,hf_natural,44100,12.7,19000.0,34.5
hf_natural/esc_1-85184-A-39.wav,hf_natural,44100,14.8,19000.0,28.6
environmental/esc_1-26188-A-30.wav,environmental,44100,17.1,20000.0,83.4
environmental/esc_3-151089-A-30.wav,environmental,44100,4.1,12000.0,51.9
environmental/esc_2-85471-A-34.wav,environmental,44100,24.4,20000.0,40.9
environmental/esc_1-60676-A-34.wav,environmental,44100,14.1,19000.0,33.5
electronic_device/esc_3-132340-A-37.wav,electronic_device,44100,43.3,19000.0,90.1
electronic_device/esc_3-148297-A-37.wav,electronic_device,44100,18.2,20000.0,68.6
environmental/esc_1-18074-A-6.wav,environmental,44100,29.3,19000.0,81.3
environmental/esc_2-120586-A-6.wav,environmental,44100,7.4,21000.0,58.0
hf_natural/esc_1-17585-A-7.wav,hf_natural,44100,51.4,19000.0,80.6
hf_natural/esc_3-104761-B-7.wav,hf_natural,44100,49.1,19000.0,79.6
environmental/esc_2-32515-D-4.wav,environmental,44100,6.8,21000.0,65.1
environmental/esc_1-18757-A-4.wav,environmental,44100,17.1,19000.0,91.1
environmental/esc_1-110389-A-0.wav,environmental,44100,31.1,16000.0,89.7
environmental/esc_2-118964-A-0.wav,environmental,44100,49.0,21000.0,101.3
environmental/esc_1-34094-A-5.wav,environmental,44100,31.1,19000.0,83.6
environmental/esc_2-110010-A-5.wav,environmental,44100,15.1,8000.0,76.2
music_full_mix/musdb_BKS__Bulldozer_0.wav,music_full_mix,44100,2.5,7000.0,36.4
music_full_mix/musdb_BKS__Bulldozer_1.wav,music_full_mix,44100,4.1,5000.0,52.9
music_full_mix/musdb_Angels_In_Amplifiers__I'm_Alright_0.wav,music_full_mix,44100,8.3,5000.0,43.9
music_full_mix/musdb_Angels_In_Amplifiers__I'm_Alright_1.wav,music_full_mix,44100,8.9,5000.0,45.2
music_full_mix/musdb_Secretariat__Borderline_0.wav,music_full_mix,44100,4.4,21000.0,40.8
music_full_mix/musdb_Secretariat__Borderline_1.wav,music_full_mix,44100,4.5,21000.0,41.7
music_full_mix/musdb_Girls_Under_Glass__We_Feel_Alright_0.wav,music_full_mix,44100,5.5,5000.0,37.0
music_full_mix/musdb_Girls_Under_Glass__We_Feel_Alright_1.wav,music_full_mix,44100,4.8,5000.0,33.0
music_full_mix/musdb_The_Mountaineering_Club__Mallory_0.wav,music_full_mix,44100,4.8,14000.0,40.0
music_full_mix/musdb_The_Mountaineering_Club__Mallory_1.wav,music_full_mix,44100,6.0,20000.0,60.1
music_full_mix/musdb_Skelpolu__Resurrection_0.wav,music_full_mix,44100,0.0,,21.3
music_full_mix/musdb_Skelpolu__Resurrection_1.wav,music_full_mix,44100,0.0,,21.2
speech_noisy_mix/mix_p247_129_mic1_rain.wav,speech_noisy_mix,44100,6.3,9000.0,48.7
speech_noisy_mix/mix_p251_230_mic1_rain.wav,speech_noisy_mix,44100,6.0,20000.0,50.3
speech_noisy_mix/mix_p251_024_mic1_sea_waves.wav,speech_noisy_mix,44100,5.5,6000.0,53.0
speech_noisy_mix/mix_p247_246_mic1_sea_waves.wav,speech_noisy_mix,44100,5.6,17000.0,51.9
speech_noisy_mix/mix_p251_003_mic1_crackling_fire.wav,speech_noisy_mix,44100,5.1,21000.0,40.5
speech_noisy_mix/mix_p334_316_mic1_crackling_fire.wav,speech_noisy_mix,44100,6.0,20000.0,46.3
speech_noisy_mix/mix_p251_287_mic1_wind.wav,speech_noisy_mix,44100,5.0,6000.0,45.0
speech_noisy_mix/mix_p334_075_mic1_wind.wav,speech_noisy_mix,44100,3.9,20000.0,51.4
speech_noisy_mix/mix_p334_071_mic1_engine.wav,speech_noisy_mix,44100,4.1,14000.0,50.9
speech_noisy_mix/mix_p334_111_mic1_engine.wav,speech_noisy_mix,44100,4.6,14000.0,51.3
speech_noisy_mix/mix_p247_322_mic1_train.wav,speech_noisy_mix,44100,5.4,16000.0,54.6
speech_noisy_mix/mix_p251_113_mic1_train.wav,speech_noisy_mix,44100,6.9,6000.0,50.9
speech_noisy_mix/mix_p251_049_mic1_airplane.wav,speech_noisy_mix,44100,5.8,20000.0,56.0
speech_noisy_mix/mix_p251_023_mic1_airplane.wav,speech_noisy_mix,44100,5.4,20000.0,54.8
speech_noisy_mix/mix_p247_438_mic1_vacuum_cleaner.wav,speech_noisy_mix,44100,7.3,16000.0,53.6
speech_noisy_mix/mix_p251_095_mic1_vacuum_cleaner.wav,speech_noisy_mix,44100,4.7,12000.0,49.1
speech_noisy_mix/mix_p334_203_mic1_rain.wav,speech_noisy_mix,44100,5.1,14000.0,50.5
speech_noisy_mix/mix_p334_032_mic1_rain.wav,speech_noisy_mix,44100,5.3,14000.0,48.5
speech_noisy_mix/mix_p334_324_mic1_sea_waves.wav,speech_noisy_mix,44100,3.8,20000.0,48.6
speech_noisy_mix/mix_p247_418_mic1_sea_waves.wav,speech_noisy_mix,44100,5.3,11000.0,49.4
